pmid,doi,ano,periodico,idioma,categorias,consultas_coleta,fonte
41147192,10.1017/S1368980025101018,2025,Public health nutrition,eng,,['envelhecimento'],NCBI PubMed
39636278,10.1080/13554794.2024.2436216,2024,Neurocase,eng,,['envelhecimento'],NCBI PubMed
28562766,10.1590/0037-8682-0407-2016,2017,Revista da Sociedade Brasileira de Medicina Tropical,eng,,['envelhecimento'],NCBI PubMed
39680969,10.5070/D330564428,2024,Dermatology online journal,eng,,['envelhecimento'],NCBI PubMed
2094000,,1990,Revista de saude publica,por,,['envelhecimento'],NCBI PubMed
23634531,,2013,Soins. Gerontologie,fre,,['envelhecimento'],NCBI PubMed
42785657,10.1016/j.jdent.2026.107073,2026,Journal of dentistry,eng,,['envelhecimento'],NCBI PubMed
42719729,10.7759/cureus.114265,2026,Cureus,eng,,['envelhecimento'],NCBI PubMed
42576274,10.1177/08982643261476542,2026,Journal of aging and health,eng,,['envelhecimento'],NCBI PubMed
42302695,10.1016/j.bjpt.2026.101619,2026,Brazilian journal of physical therapy,eng,,['envelhecimento'],NCBI PubMed
42074425,10.3390/ijerph23040486,2026,International journal of environmental research and public health,eng,,['envelhecimento'],NCBI PubMed
41885406,10.1177/10519815261427708,2026,"Work (Reading, Mass.)",eng,,['envelhecimento'],NCBI PubMed
41538665,10.1590/1414-431X2025e14994,2026,Brazilian journal of medical and biological research = Revista brasileira de pesquisas medicas e biologicas,eng,,['envelhecimento'],NCBI PubMed
41400912,10.1007/s40615-025-02784-0,2025,Journal of racial and ethnic health disparities,eng,estado_nutricional,['envelhecimento'],NCBI PubMed
41124476,10.1590/1413-812320242911.18572023,2025,Ciencia & saude coletiva,por,,['envelhecimento'],NCBI PubMed
41034763,10.1186/s12872-025-05144-2,2025,BMC cardiovascular disorders,eng,,['envelhecimento'],NCBI PubMed
40604739,10.1186/s12913-025-12945-w,2025,BMC health services research,eng,,['envelhecimento'],NCBI PubMed
40574517,10.1080/13607863.2025.2523474,2025,Aging & mental health,eng,,['envelhecimento'],NCBI PubMed
40157874,10.1016/j.jagp.2025.02.016,2025,The American journal of geriatric psychiatry : official journal of the American Association for Geriatric Psychiatry,eng,,['envelhecimento'],NCBI PubMed
40155388,10.1038/s41514-025-00210-7,2025,npj aging,eng,,['envelhecimento'],NCBI PubMed
40126331,10.3390/idr17020025,2025,Infectious disease reports,eng,estado_nutricional,['envelhecimento'],NCBI PubMed
40115903,10.15649/cuidarte.3233,2024,Revista Cuidarte,eng,,['envelhecimento'],NCBI PubMed
39089092,10.1016/j.puhe.2024.06.036,2024,Public health,eng,,['envelhecimento'],NCBI PubMed
39080010,10.1007/s00127-024-02734-x,2025,Social psychiatry and psychiatric epidemiology,eng,,['envelhecimento'],NCBI PubMed
38726481,10.1017/S1368980024001101,2024,Public health nutrition,eng,,['envelhecimento'],NCBI PubMed
17414499,10.1097/MCO.0b013e3280d646ce,2007,Current opinion in clinical nutrition and metabolic care,eng,estado_nutricional,['estado_nutricional'],NCBI PubMed
39427180,10.1186/s12939-024-02281-6,2024,International journal for equity in health,eng,estado_nutricional,['estado_nutricional'],NCBI PubMed
23634993,10.1111/jhn.12119,2014,Journal of human nutrition and dietetics : the official journal of the British Dietetic Association,eng,estado_nutricional,['estado_nutricional'],NCBI PubMed
32383411,10.1017/S1368980019004105,2020,Public health nutrition,eng,estado_nutricional,['estado_nutricional'],NCBI PubMed
42632951,10.1177/15598276261479608,2026,American journal of lifestyle medicine,eng,,['estado_nutricional'],NCBI PubMed
42234667,10.1371/journal.pone.0349440,2026,PloS one,eng,estado_nutricional,['estado_nutricional'],NCBI PubMed
41967097,10.1016/j.jped.2026.101547,2026,Jornal de pediatria,eng,,['estado_nutricional'],NCBI PubMed
41901187,10.3390/nu18061012,2026,Nutrients,eng,,['estado_nutricional'],NCBI PubMed
41791402,10.1016/j.lanplh.2026.101428,2026,The Lancet. Planetary health,eng,estado_nutricional,['estado_nutricional'],NCBI PubMed
41787132,10.1007/s00520-026-10388-5,2026,Supportive care in cancer : official journal of the Multinational Association of Supportive Care in Cancer,eng,estado_nutricional,['estado_nutricional'],NCBI PubMed
41643391,10.1016/j.gerinurse.2026.103815,2026,"Geriatric nursing (New York, N.Y.)",eng,,"['estado_nutricional', 'sarcopenia']",NCBI PubMed
41458893,10.1002/fsn3.71361,2025,Food science & nutrition,eng,estado_nutricional,['estado_nutricional'],NCBI PubMed
41124508,10.11606/s1518-8787.2025059006571,2025,Revista de saude publica,eng,,['estado_nutricional'],NCBI PubMed
41012667,10.3390/v17091239,2025,Viruses,eng,estado_nutricional,['estado_nutricional'],NCBI PubMed
40806039,10.3390/nu17152454,2025,Nutrients,eng,estado_nutricional,['estado_nutricional'],NCBI PubMed
40723089,10.3390/children12070896,2025,"Children (Basel, Switzerland)",eng,,['estado_nutricional'],NCBI PubMed
40645333,10.1016/j.clnesp.2025.07.008,2025,Clinical nutrition ESPEN,eng,,['estado_nutricional'],NCBI PubMed
40510748,10.1016/j.cdnut.2025.107458,2025,Current developments in nutrition,eng,,['estado_nutricional'],NCBI PubMed
40465922,10.1590/1413-81232025305.10582023,2025,Ciencia & saude coletiva,por,,['estado_nutricional'],NCBI PubMed
40298729,10.1590/1413-81232025304.15782023,2025,Ciencia & saude coletiva,eng,estado_nutricional,['estado_nutricional'],NCBI PubMed
40292442,10.3390/nu17061054,2025,Nutrients,eng,estado_nutricional,['estado_nutricional'],NCBI PubMed
40165861,10.1016/j.cdnut.2025.104567,2025,Current developments in nutrition,eng,,['estado_nutricional'],NCBI PubMed
39599710,10.3390/nu16223924,2024,Nutrients,eng,estado_nutricional,['estado_nutricional'],NCBI PubMed
39410901,10.2174/0118746098320942240924074044,2025,Current aging science,eng,,['estado_nutricional'],NCBI PubMed
39200603,10.3390/ijerph21080992,2024,International journal of environmental research and public health,eng,,['estado_nutricional'],NCBI PubMed
27409075,10.1186/s12913-016-1423-5,2016,BMC health services research,eng,estado_nutricional;sarcopenia,['sarcopenia'],NCBI PubMed
28455830,10.1007/s11096-017-0470-2,2017,International journal of clinical pharmacy,eng,,['sarcopenia'],NCBI PubMed
27885969,10.1186/s13054-016-1208-6,2016,"Critical care (London, England)",eng,estado_nutricional,['sarcopenia'],NCBI PubMed
33962026,10.1016/j.exger.2021.111390,2021,Experimental gerontology,eng,,['sarcopenia'],NCBI PubMed
30099972,10.1017/S104161021800100X,2019,International psychogeriatrics,eng,,['sarcopenia'],NCBI PubMed
28279607,10.1016/j.jamda.2017.01.009,2017,Journal of the American Medical Directors Association,eng,,['sarcopenia'],NCBI PubMed
33514329,10.1186/s12877-021-02030-2,2021,BMC geriatrics,eng,,['sarcopenia'],NCBI PubMed
22882512,10.1111/j.1447-0594.2012.00920.x,2013,Geriatrics & gerontology international,eng,,['sarcopenia'],NCBI PubMed
42772944,10.1136/bmjgast-2026-002439,2026,BMJ open gastroenterology,eng,,['sarcopenia'],NCBI PubMed
33584510,10.3389/fneur.2020.609988,2020,Frontiers in neurology,eng,,['sarcopenia'],NCBI PubMed
42512217,10.3390/ijerph23070913,2026,International journal of environmental research and public health,eng,,['sarcopenia'],NCBI PubMed
42322068,10.1002/pds.70419,2026,Pharmacoepidemiology and drug safety,eng,,['sarcopenia'],NCBI PubMed
42134775,10.1016/j.jamda.2026.106227,2026,Journal of the American Medical Directors Association,eng,,['sarcopenia'],NCBI PubMed
42108689,10.1002/ana.78247,2026,Annals of neurology,eng,,['sarcopenia'],NCBI PubMed
41851366,10.1007/s11657-026-01688-8,2026,Archives of osteoporosis,eng,sarcopenia,['sarcopenia'],NCBI PubMed
41599831,10.3390/nu18020218,2026,Nutrients,eng,,['sarcopenia'],NCBI PubMed
41591773,10.1001/jamanetworkopen.2025.55740,2026,JAMA network open,eng,estado_nutricional,['sarcopenia'],NCBI PubMed
41283445,10.3390/muscles4040057,2025,"Muscles (Basel, Switzerland)",eng,sarcopenia,['sarcopenia'],NCBI PubMed
40990701,10.31744/einstein_journal/2025AO1428,2025,"Einstein (Sao Paulo, Brazil)",eng,,['sarcopenia'],NCBI PubMed
40972508,10.1016/j.clinsp.2025.100776,2025,"Clinics (Sao Paulo, Brazil)",eng,sarcopenia,['sarcopenia'],NCBI PubMed
40743841,10.1016/j.archger.2025.105972,2025,Archives of gerontology and geriatrics,eng,sarcopenia,['sarcopenia'],NCBI PubMed
40165873,10.1097/GOX.0000000000006641,2025,Plastic and reconstructive surgery. Global open,eng,envelhecimento,['sarcopenia'],NCBI PubMed
39085777,10.1186/s12877-024-05216-6,2024,BMC geriatrics,eng,sarcopenia,['sarcopenia'],NCBI PubMed
38715366,10.1177/23259582241241169,2024,Journal of the International Association of Providers of AIDS Care,eng,,['sarcopenia'],NCBI PubMed
